{
  "parent": "nitref:nitref/ach2.1",
  "display": {
    "icon": {
      "item": "minecraft:netherite_hoe"
    },
    "title": "invasion-generals",
    "description": "Kill one of the Tyrant's generals.",
    "frame": "task",
    "show_toast": false,
    "announce_to_chat": false,
    "hidden": true
  },
  "rewards": {
    "function": "nitref:invasion/update_progress"
  },
  "criteria": {
	"p-k-e-invasion-general": {
	  "trigger": "minecraft:player_killed_entity",
      "conditions": {
        "entity": {
          "type": "minecraft:wither_skeleton",
          "location": {
            "dimension": "minecraft:the_end"
		  }
        }
      }
    }
  }
}