{
  "parent": "nitk:recipes/root",
  "display": {
    "icon": {
      "item": "minecraft:crafting_table"
    },
    "title": "End Vault Crafting",
    "description": "Open a Site Planner with a End Vault recipe.",
    "frame": "task",
    "show_toast": false,
    "announce_to_chat": false,
    "hidden": true
  },
  "rewards": {
    "function": "nitk:siteplanner/build_vault"
  },
  "criteria": {
    "open-dropper": {
      "trigger": "minecraft:item_used_on_block",
      "conditions": {
        "location": {
          "block": {
            "block": "dropper",
			"nbt":"{Items:[{Slot:0b,id:\"minecraft:shulker_shell\",Count:1b},{Slot:1b,id:\"minecraft:purpur_pillar\",Count:16b},{Slot:2b,id:\"minecraft:shulker_shell\",Count:1b},{Slot:3b,id:\"minecraft:obsidian\",Count:4b},{Slot:4b,id:\"minecraft:paper\",Count:1b,tag:{HideFlags:1,display:{Lore:['{\"text\":\"The final ingredient\"}','{\"text\":\"in new town structures.\"}'],Name:'{\"text\":\"Building Permit\"}'},Enchantments:[{lvl:0,id:\"minecraft:protection\"}]}},{Slot:5b,id:\"minecraft:obsidian\",Count:4b},{Slot:6b,id:\"minecraft:end_stone_bricks\",Count:8b},{Slot:7b,id:\"minecraft:music_disc_mellohi\",Count:1b,tag:{HideFlags:1,display:{Lore:['{\"text\":\"A mysterious artifact\"}','{\"text\":\"locked high in the sky.\"}'],Name:'{\"text\":\"Enderift Keystone\"}'},Enchantments:[{lvl:0,id:\"minecraft:protection\"}]}},{Slot:8b,id:\"minecraft:end_stone_bricks\",Count:8b}]}"
          }
        }
      }
    }
  }
}