{
  "parent": "nitco:nitco/root",
  "display": {
    "icon": {
      "item": "minecraft:bedrock"
    },
    "title": "What is this doing up here?",
    "description": "Opened the Paradox Box.",
    "frame": "challenge",
	"background": "minecraft:textures/block/polished_blackstone_bricks.png",
    "show_toast": true,
    "announce_to_chat": true,
    "hidden": false
  },
  "rewards": {
    "experience": 500
  },
  "criteria": {
    "solved-paradox-box": {
      "trigger": "minecraft:impossible"
    }
  }
}