{
  "parent": "nitk:nitk/ach3",
  "display": {
    "icon": {
      "item": "minecraft:wither_skeleton_skull"
    },
    "title": "Tyrantfall",
    "description": "Stop the Tyrant from invading your world! For now...",
    "frame": "task",
    "show_toast": true,
    "announce_to_chat": true,
    "hidden": false
  },
  "rewards": {
    "function": "nitk:tyrant_kill",
	"experience": 1000
  },
  "criteria": {
    "p_k_e-wither": {
      "trigger": "minecraft:impossible"
    }
  }
}