{
  "parent": "nitk:nitk/ach4.1",
  "display": {
    "icon": {
      "item": "minecraft:nether_bricks"
    },
    "title": "A New Dimension",
    "description": "Prepare to take the Nether back from the Tyrant.",
    "frame": "goal",
    "show_toast": true,
    "announce_to_chat": true,
    "hidden": false
  },
  "rewards": {
    "function": "nitco:getbook"
  },
  "criteria": {
    "tyrantfall": {
      "trigger": "minecraft:impossible"
    },
    "to-nether": {
      "trigger": "minecraft:changed_dimension",
      "conditions": {
        "from": "minecraft:overworld",
        "to": "minecraft:the_nether"
	  }
	}
  }
}