{
  "parent": "nitref:recipes/root",
  "display": {
    "icon": {
      "item": "minecraft:crafting_table"
    },
    "title": "Terrace Crafting",
    "description": "Open a Site Planner with a Terrace recipe.",
    "frame": "task",
    "show_toast": false,
    "announce_to_chat": false,
    "hidden": true
  },
  "rewards": {
    "function": "nitref:siteplanner/build_terrace"
  },
  "criteria": {
    "open-dropper": {
      "trigger": "minecraft:item_used_on_block",
      "conditions": {
        "location": {
		  "position": {
            "y": {
              "min": 0,
              "max": 241
            }
          },
          "block": {
            "block": "dropper",
			"nbt":"{Items:[{Slot:0b,id:\"minecraft:popped_chorus_fruit\",Count:8b},{Slot:1b,id:\"minecraft:end_rod\",Count:4b},{Slot:2b,id:\"minecraft:popped_chorus_fruit\",Count:8b},{Slot:3b,id:\"minecraft:end_stone\",Count:6b},{Slot:4b,id:\"minecraft:ender_pearl\",Count:1b},{Slot:5b,id:\"minecraft:end_stone\",Count:6b},{Slot:6b,id:\"minecraft:obsidian\",Count:4b},{Slot:7b,id:\"minecraft:nether_brick\",Count:16b},{Slot:8b,id:\"minecraft:obsidian\",Count:4b}]}"
          }
        }
      }
    }
  }
}