{
  "parent": "nitco:recipes/root",
  "display": {
    "icon": {
      "item": "minecraft:crafting_table"
    },
    "title": "Respawn Platform Crafting",
    "description": "Open a War Planner with a Respawn Platform recipe.",
    "frame": "task",
    "show_toast": false,
    "announce_to_chat": false,
    "hidden": true
  },
  "rewards": {
    "function": "nitco:siteplanner/build_respawn"
  },
  "criteria": {
    "open-dropper": {
      "trigger": "minecraft:item_used_on_block",
      "conditions": {
        "location": {
          "block": {
            "block": "dropper",
			"nbt":"{Items:[{Slot:0b,id:\"minecraft:glowstone\",Count:2b},{Slot:1b,id:\"minecraft:respawn_anchor\",Count:1b},{Slot:2b,id:\"minecraft:glowstone\",Count:2b},{Slot:3b,id:\"minecraft:crimson_door\",Count:1b},{Slot:4b,id:\"minecraft:gold_ingot\",Count:4b},{Slot:5b,id:\"minecraft:crimson_door\",Count:1b},{Slot:6b,id:\"minecraft:nether_brick\",Count:8b},{Slot:7b,id:\"minecraft:nether_brick\",Count:16b},{Slot:8b,id:\"minecraft:nether_brick\",Count:8b}]}"
          }
        }
      }
    }
  }
}