{
  "parent": "nitco:recipes/root",
  "display": {
    "icon": {
      "item": "minecraft:crafting_table"
    },
    "title": "Magical Farm Crafting",
    "description": "Open a War Planner with a Magical Farm recipe.",
    "frame": "task",
    "show_toast": false,
    "announce_to_chat": false,
    "hidden": true
  },
  "rewards": {
    "function": "nitco:siteplanner/build_magicfarm"
  },
  "criteria": {
    "open-dropper": {
      "trigger": "minecraft:item_used_on_block",
      "conditions": {
        "location": {
          "block": {
            "block": "dropper",
			"nbt":"{Items:[{Slot:0b,id:\"minecraft:iron_block\",Count:1b},{Slot:1b,id:\"minecraft:diamond_block\",Count:1b},{Slot:2b,id:\"minecraft:cooked_porkchop\",Count:9b},{Slot:3b,id:\"minecraft:weeping_vines\",Count:9b},{Slot:4b,id:\"minecraft:gold_ingot\",Count:8b},{Slot:5b,id:\"minecraft:chain\",Count:9b},{Slot:6b,id:\"minecraft:nether_brick\",Count:8b},{Slot:7b,id:\"minecraft:nether_brick\",Count:16b},{Slot:8b,id:\"minecraft:nether_brick\",Count:8b}]}"
          }
        }
      }
    }
  }
}